하위카테고리,상위카테고리
OX퀴즈,단어-퀴즈-숫자-지식
RPG,모험-RPG-스토리텔링
가족게임,협력-팀플레이
감각퍼즐,퍼즐-로직-코딩
같은그림찾기,그림
거래협상,경제-거래-경매-베팅
거짓말탐지기,추리-마피아-심리
격투대전,모험-RPG-스토리텔링
경마베팅,경제-거래-경매-베팅
경매,경제-거래-경매-베팅
경매엔진,경제-거래-경매-베팅
경영,경제-거래-경매-베팅
경주베팅,경주-스포츠
공간전략,공간전략
공간지각,공간전략
공감,단어-퀴즈-숫자-지식
공감파티,단어-퀴즈-숫자-지식
과일농사,전략-전쟁-경영
구라경매,경제-거래-경매-베팅
구슬퍼즐,퍼즐-로직-코딩
균형잡기,공간전략
그리기,공간전략
그림,그림
그림그리기,그림
그림기억,그림
그림마피아,그림
그림연상,그림
그림인지,그림
그림조합,그림
그림퀴즈,그림
그림퍼즐,그림
그림표현,그림
글자퍼즐,퍼즐-로직-코딩
기억력,기억력-암기
기억력복불복,기억력-암기
기억력액션,기억력-암기
기억력파티,기억력-암기
기차길연결,기억력-암기
길기억,기억력-암기
길연결,기억력-암기
길전략,기억력-암기
논리퀴즈,단어-퀴즈-숫자-지식
논리퍼즐,퍼즐-로직-코딩
농사전략,전략-전쟁-경영
눈치,순발력-손기술
눈치게임,순발력-손기술
눈치심리,순발력-손기술
눈치전략,순발력-손기술
눈치주사위,순발력-손기술
단어,단어-퀴즈-숫자-지식
단어마피아,단어-퀴즈-숫자-지식
단어연상,단어-퀴즈-숫자-지식
단어조합,단어-퀴즈-숫자-지식
단어추리,단어-퀴즈-숫자-지식
단어파티,단어-퀴즈-숫자-지식
단어협동,단어-퀴즈-숫자-지식
대화,모험-RPG-스토리텔링
대화베팅,모험-RPG-스토리텔링
대화이야기,모험-RPG-스토리텔링
대화추리,추리-마피아-심리
던전크롤러,모험-RPG-스토리텔링
덱빌딩,카드-덱빌딩
덱빌딩경주,카드-덱빌딩
덱빌딩전략,카드-덱빌딩
도시건설,전략-전쟁-경영
도형전략,전략-전쟁-경영
동물퍼즐,퍼즐-로직-코딩
동물흉내,파티-가족-미니게임
두뇌사고,퍼즐-로직-코딩
땅따먹기,경주-스포츠
레이싱,경주-스포츠
마을꾸미기,전략-전쟁-경영
마을짓기,전략-전쟁-경영
마피아,추리-마피아-심리
마피아역할,추리-마피아-심리
마피아추리,추리-마피아-심리
만칼라전략,추리-마피아-심리
머더,추리-마피아-심리
모험RPG,모험-RPG-스토리텔링
무역,모험-RPG-스토리텔링
문자추리,추리-마피아-심리
미니게임손기술,파티-가족-미니게임
미니마작,카드-덱빌딩
미니어처,파티-가족-미니게임
미니어처전투,전략-전쟁-경영
미로전략,전략-전쟁-경영
미션전략,전략-전쟁-경영
미션협력,협력-팀플레이
미스터리,추리-마피아-심리
미정,공간전략
방탈출,추리-마피아-심리
방탈출추리,추리-마피아-심리
배치,공간전략
범죄추리,추리-마피아-심리
베팅,경제-거래-경매-베팅
베팅경매,경제-거래-경매-베팅
베팅심리,경제-거래-경매-베팅
복불복,파티-가족-미니게임
복불복퍼즐,퍼즐-로직-코딩
부동산투자,경제-거래-경매-베팅
블러핑,경제-거래-경매-베팅
사칙연산,단어-퀴즈-숫자-지식
상식퀴즈,단어-퀴즈-숫자-지식
생존경쟁,전략-전쟁-경영
선잡기,순발력-손기술
세트만들기,전략-전쟁-경영
세트모으기,전략-전쟁-경영
세트컬렉션,전략-전쟁-경영
소거추리,추리-마피아-심리
소통추리,추리-마피아-심리
손기술,순발력-손기술
손털기,순발력-손기술
순발력,순발력-손기술
순발력운빨,순발력-손기술
순발력팀전,순발력-손기술
순발력파티,순발력-손기술
숨은그림찾기,파티-가족-미니게임
숫자,단어-퀴즈-숫자-지식
숫자나열,단어-퀴즈-숫자-지식
숫자배열,단어-퀴즈-숫자-지식
숫자심리,단어-퀴즈-숫자-지식
숫자연산,단어-퀴즈-숫자-지식
숫자조합,단어-퀴즈-숫자-지식
숫자추리,단어-퀴즈-숫자-지식
숫자협력,단어-퀴즈-숫자-지식
스토리텔링,모험-RPG-스토리텔링
스피드퍼즐,파티-가족-미니게임
시간제한,파티-가족-미니게임
실시간카드,카드-덱빌딩
실시간협력,파티-가족-미니게임
심리,추리-마피아-심리
심리예측,추리-마피아-심리
심리전략,추리-마피아-심리
심리추리,추리-마피아-심리
쌓기,파티-가족-미니게임
알까기,경주-스포츠
액션,경주-스포츠
야구,경주-스포츠
엔진빌딩,전략-전쟁-경영
여행,모험-RPG-스토리텔링
역할추리,추리-마피아-심리
영역만들기,전략-전쟁-경영
영역차지,전략-전쟁-경영
영향력,파티-가족-미니게임
영향력전략,파티-가족-미니게임
예능,파티-가족-미니게임
완구,파티-가족-미니게임
운빨,파티-가족-미니게임
운빨덱빌딩,파티-가족-미니게임
운빨레이스,파티-가족-미니게임
운빨레이싱,파티-가족-미니게임
운빨주사위,파티-가족-미니게임
운영,전략-전쟁-경영
위치추리,추리-마피아-심리
음악공감,모험-RPG-스토리텔링
이동전략,전략-전쟁-경영
이야기,모험-RPG-스토리텔링
인생경영,전략-전쟁-경영
일꾼놓기,전략-전쟁-경영
입체퍼즐,퍼즐-로직-코딩
전략,전략-전쟁-경영
전략게임,전략-전쟁-경영
전략문명,전략-전쟁-경영
전략베팅,전략-전쟁-경영
전략전쟁,전략-전쟁-경영
전략추리,전략-전쟁-경영
전략카드,전략-전쟁-경영
전략퍼즐,전략-전쟁-경영
전술대전,전략-전쟁-경영
전쟁,전략-전쟁-경영
전쟁협력,전략-전쟁-경영
전통놀이,전략-전쟁-경영
전투,전략-전쟁-경영
젠가류,순발력-손기술
조합전략,전략-전쟁-경영
조합협력,전략-전쟁-경영
주사위,주사위
주사위드래프트,주사위
주사위배치,주사위
주사위베팅,주사위
주사위빙고,주사위
주사위운빨,주사위
주사위전략,주사위
주사위조합,주사위
주사위협력,주사위
주식,경제-거래-경매-베팅
주식투자,경제-거래-경매-베팅
증강현실,공간전략
지식대결,파티-가족-미니게임
지역이동,모험-RPG-스토리텔링
질병퇴치,모험-RPG-스토리텔링
창의력,추리-마피아-심리
철도운영,경제-거래-경매-베팅
청각추리,추리-마피아-심리
추격,추리-마피아-심리
추리,추리-마피아-심리
추리경쟁,추리-마피아-심리
추리마피아,추리-마피아-심리
추리심리,추리-마피아-심리
추리역할극,추리-마피아-심리
추리전략,추리-마피아-심리
추리허풍,추리-마피아-심리
추리협력,협력-팀플레이
추상전략,추리-마피아-심리
축구게임,경주-스포츠
치료협력,협력-팀플레이
카드,카드-덱빌딩
카드거래,카드-덱빌딩
카드건설,카드-덱빌딩
카드게임,카드-덱빌딩
카드경매,카드-덱빌딩
카드관리,카드-덱빌딩
카드내려놓기,카드-덱빌딩
카드대전,카드-덱빌딩
카드드래프팅,카드-덱빌딩
카드베팅,카드-덱빌딩
카드빙고,카드-덱빌딩
카드세트컬렉션,카드-덱빌딩
카드심리,카드-덱빌딩
카드영향력,카드-덱빌딩
카드운빨,카드-덱빌딩
카드전략,카드-덱빌딩
카드조합,카드-덱빌딩
카드족보,카드-덱빌딩
카드추론,카드-덱빌딩
카드추리,카드-덱빌딩
카드파티,카드-덱빌딩
카드퍼즐,카드-덱빌딩
카드협력,카드-덱빌딩
카드협상,카드-덱빌딩
코인빌딩,경제-거래-경매-베팅
콤보전략,전략-전쟁-경영
퀴즈,단어-퀴즈-숫자-지식
퀴즈눈치,단어-퀴즈-숫자-지식
타이밍,파티-가족-미니게임
타일놓기,퍼즐-로직-코딩
타일배치,퍼즐-로직-코딩
타일전략,퍼즐-로직-코딩
타일조합,퍼즐-로직-코딩
타일추리,퍼즐-로직-코딩
타일퍼즐,퍼즐-로직-코딩
탐험,모험-RPG-스토리텔링
테마퍼즐,퍼즐-로직-코딩
투자,경제-거래-경매-베팅
투자경매,경제-거래-경매-베팅
투자경영,경제-거래-경매-베팅
투표,경제-거래-경매-베팅
트릭테이킹,전략-전쟁-경영
팀전,협력-팀플레이
팀전주사위,카드-덱빌딩
팀전추리,추리-마피아-심리
팀추리,추리-마피아-심리
파티,파티-가족-미니게임
파티게임,파티-가족-미니게임
파티연기,파티-가족-미니게임
파티협력,파티-가족-미니게임
패턴인식,퍼즐-로직-코딩
패턴지각,퍼즐-로직-코딩
패털기,카드-덱빌딩
퍼즐,퍼즐-로직-코딩
퍼즐전략,퍼즐-로직-코딩
퍼즐조합,퍼즐-로직-코딩
퍼즐해독,협력-팀플레이
평면코딩,퍼즐-로직-코딩
표정흉내,파티-가족-미니게임
표현력,파티-가족-미니게임
핸드관리,경주-스포츠
허풍,추리-마피아-심리
협동,협력-팀플레이
협동RPG,협력-팀플레이
협동전략,협력-팀플레이
협동추리,협력-팀플레이
협동카드,협력-팀플레이
협동퍼즐,협력-팀플레이
협력,협력-팀플레이
협력단어퀴즈,협력-팀플레이
협력모험,협력-팀플레이
협력생존,협력-팀플레이
협력전략,협력-팀플레이
협력추리,추리-마피아-심리
협력카드,협력-팀플레이
협력퀴즈,협력-팀플레이
협력팀전,협력-팀플레이
협력파티,협력-팀플레이
협력퍼즐,협력-팀플레이
협상,전략-전쟁-경영
협상거래,전략-전쟁-경영
협상전략,전략-전쟁-경영
화석탐험,모험-RPG-스토리텔링
